Sample,Site ID,Stage,Treatment,Harvest,Date,Callibration,mefett,n,ndf,adf,ash,fettprot,elostm,cp,c,,Parameter:
US1.G.2.1,US1,G,1,2,1/23/2023,"   Gras, 1mm",7.74,1.37,64.08,36.64,8.44,1.47,47.57,8.56,43.87,,1. ME           metabolisable energy content   (in: MJ ME per kg of DM)
US1.G.2.2,US1,G,2,2,1/23/2023,"   Gras, 1mm",7.7,1.45,65.14,36.23,9.79,1.57,49.07,9.06,42.82,,2. Nitrogen     Total-Nn  in percent of dry matter    (in: % of DM)*
US1.G.2.3,US1,G,3,2,1/23/2023,"   Gras, 1mm",8.31,1.6,60.8,34.29,7.68,2.03,52.18,10.00,44.49,,3. NDF        (neutral detergent fibre) ndf in percent of drymatter    (in: % of DM)
US1.G.2.4,US1,G,4,2,1/23/2023,"   Gras, 1mm",8.68,1.64,62.3,33.37,8.15,1.51,54.79,10.25,43.9,,4. ADF        (acid detergent fibre) ndf in percent of dry matter    (in: % of DM)
US1.G.2.5,US1,G,5,2,1/23/2023,"   Gras, 1mm",7.91,1.6,67.12,36.35,8.38,1.31,51.05,10.00,44,,2. Cr_Ash          crude ash  in percent of drymatter    (in: % of DM)**
US1.G.2.6,US1,G,6,2,1/23/2023,"   Gras, 1mm",7.65,1.08,65.1,37.7,7.54,1.24,47.91,6.75,44.1,,7. Cr_Fat          crude fa  in percent of drymatter    (in: % of DM)**
US1.G.2.7,US1,G,7,2,1/23/2023,   US1 Klee 2022 2.-4.Schnitt,10.01,2.78,44.94,26.16,8.32,2.12,52.78,17.38,45.79,,5. CDOMD  (In vitro pepsin-cellulase solubility of organic matter  (de Boever)) (in: % of DM)
US1.G.2.8,US1,G,8,2,1/23/2023,   US1 Klee 2022 2.-4.Schnitt,9.85,2.77,45.5,27.43,7.94,1.91,51.33,17.31,46.48,,8. Crude_Protein (German definition:) =  Nitrogen (in: % of DM)  x 6.25
US1.G.2.9,US1,G,9,2,1/23/2023,   US1 Klee 2022 2.-4.Schnitt,8.87,2.26,50.52,29.81,8.99,1.93,51.95,14.13,44.44,,9. Carbon  Total-C  in percent of dry matter    (in: % of DM)*
US1.G.2.10,US1,G,10,2,1/23/2023,   US1 Klee 2022 2.-4.Schnitt,9.42,2.4,50.23,31.59,8.04,2.01,55.17,15.00,45.54,,
US1.G.2.11,US1,G,11,2,1/23/2023,   US1 Klee 2022 2.-4.Schnitt,10.21,2.57,47,30.28,7.6,1.84,58.33,16.06,46.42,,
US1.G.2.12,US1,G,12,2,1/23/2023,   US1 Klee 2022 2.-4.Schnitt,10.32,2.47,46.49,30.93,7.43,1.65,59.09,15.44,46.52,,
US1.G.2.13,US1,G,13,2,1/23/2023,"   US1 Kräuter, 1mm 2022 2.-4.Schnitt",8.89,1.51,54.04,30.92,8.58,1.98,50.12,9.44,44.6,,
US1.G.2.14,US1,G,14,2,1/23/2023,"   US1 Kräuter, 1mm 2022 2.-4.Schnitt",9.3,1.63,51.32,28.48,9.19,1.43,54.13,10.19,43.74,,
US1.G.2.15,US1,G,15,2,1/23/2023,"   US1 Kräuter, 1mm 2022 2.-4.Schnitt",9.63,1.76,50.74,27.11,10.71,2.49,58.11,11.00,43.17,,
US1.G.2.16,US1,G,16,2,1/23/2023,"   US1 Kräuter, 1mm 2022 2.-4.Schnitt",9.39,2.04,44.37,28.39,8.88,1.82,57.66,12.75,45.12,,
US1.G.2.17,US1,G,17,2,1/23/2023,"   US1 Kräuter, 1mm 2022 2.-4.Schnitt",8.07,1.58,55.09,32.28,7.92,1.58,50.12,9.88,44.31,,
US1.G.2.18,US1,G,18,2,1/23/2023,"   US1 Kräuter, 1mm 2022 2.-4.Schnitt",9.31,2.2,53.16,28.84,8.11,2.08,54.8,13.75,45.04,,
US1.G.2.19,US1,G,19,2,1/23/2023,"   Gras, 1mm",7.43,1.32,67.53,38.61,7.8,1.47,45.95,8.25,43.85,,
US1.G.2.20,US1,G,20,2,1/23/2023,   US1 Klee 2022 2.-4.Schnitt,10.18,2.64,46.48,29.27,7.77,1.85,57.58,16.50,46.17,,
US1.G.2.21,US1,G,21,2,1/23/2023,"   US1 Kräuter, 1mm 2022 2.-4.Schnitt",9.25,1.68,51.44,28.82,9.26,2.1,51.97,10.50,44.8,,
US1.G.2.22,US1,G,22,2,1/23/2023,   US1 gras klee 2022 2.-4.Schnitt,9.07,2.36,56.78,31.59,8.61,2.17,54.3,14.75,44.5,,
US1.G.2.23,US1,G,23,2,1/23/2023,   US1 gras klee 2022 2.-4.Schnitt,9.05,1.82,56.24,32.79,7.19,1.71,53.28,11.38,45.14,,
US1.G.2.24,US1,G,24,2,1/23/2023,   US1 gras kraut 2022 2.-4.Schnitt,8,1.47,60.45,34.56,10.29,1.72,50.36,9.19,43.2,,
US1.G.2.25,US1,G,25,2,1/23/2023,   US1 gras kraut 2022 2.-4.Schnitt,7.32,1.05,62.14,37.89,7.72,1.08,45.29,6.56,44.21,,
US1.G.2.26,US1,G,26,2,1/23/2023,   US1 gras klee 2022 2.-4.Schnitt,8.27,1.7,56.14,32.28,7.86,1.85,51.08,10.63,44.32,,
US1.G.2.27,US1,G,27,2,1/23/2023,   US1 gras klee 2022 2.-4.Schnitt,10.26,2.74,48.46,29.74,6.76,2.1,59.77,17.13,46.33,,
US1.G.2.28,US1,G,28,2,1/23/2023,   US1 gras kraut 2022 2.-4.Schnitt,9.35,1.54,53.85,29.59,10.48,2.15,56.49,9.63,43.66,,
US1.G.2.29,US1,G,29,2,1/23/2023,   US1 gras kraut 2022 2.-4.Schnitt,6.99,1.15,67.03,39.45,8.26,0.75,43.31,7.19,44.13,,
US1.G.2.30,US1,G,30,2,1/23/2023,"   US1 Klee Kraut, 2022 2.-4. Schnitt",9.67,2.37,49.24,26.83,9.89,2.43,54.49,14.81,44.52,,
US1.G.2.31,US1,G,31,2,1/23/2023,"   US1 Klee Kraut, 2022 2.-4. Schnitt",9.44,2.56,47.93,28.37,8.15,1.74,53.26,16.00,45.48,,
US1.G.2.32,US1,G,32,2,1/23/2023,"   US1 Klee Kraut, 2022 2.-4. Schnitt",10.27,2.45,46.8,27.68,8.12,2.06,58.08,15.31,45.69,,
US1.G.2.33,US1,G,33,2,1/23/2023,"   US1 Klee Kraut, 2022 2.-4. Schnitt",9.38,1.76,51.22,32.93,7.32,1.62,51.21,11.00,45.85,,
US1.G.2.34,US1,G,34,2,1/20/2023,   graskleekraut US1 2022 2.-4.Schnitt,8.92,1.53,54.99,30.09,10.42,1.84,54.42,9.56,43.45,,
US1.G.2.35,US1,G,35,2,1/20/2023,   graskleekraut US1 2022 2.-4.Schnitt,8.34,1.61,58.98,33.83,8.05,1.55,50.73,10.06,44.37,,
US1.G.2.36,US1,G,36,2,1/20/2023,   graskleekraut US1 2022 2.-4.Schnitt,9.28,2.04,54.28,29.93,8.1,2.09,56.11,12.75,44.54,,
US1.G.2.37,US1,G,37,2,1/20/2023,   graskleekraut US1 2022 2.-4.Schnitt,7.75,1.48,61.81,37.57,8.72,1.59,47.42,9.25,44.2,,
US1.G.2.38,US1,G,38,2,1/20/2023,   graskleekraut US1 2022 2.-4.Schnitt,9.7,1.88,54.26,27.94,9.32,2.05,59.13,11.75,44.12,,
US1.G.2.39,US1,G,39,2,1/20/2023,   graskleekraut US1 2022 2.-4.Schnitt,10.37,2.96,48.47,25.86,8.49,2.44,59.27,18.50,45.64,,
US1.G.2.40,US1,G,40,2,1/20/2023,   graskleekraut US1 2022 2.-4.Schnitt,10.11,2.13,51.65,27.68,9.32,2.49,59.29,13.31,44.7,,
US1.G.2.41,US1,G,41,2,1/20/2023,   graskleekraut US1 2022 2.-4.Schnitt,9.39,2.29,52.5,32.23,8.02,1.3,55.26,14.31,45.26,,
US1.G.2.42,US1,G,42,2,1/23/2023,   US1 gras klee 2022 2.-4.Schnitt,9.14,1.96,56.1,32.22,7.91,1.83,54.33,12.25,44.83,,
US1.G.2.43,US1,G,43,2,1/23/2023,   US1 gras kraut 2022 2.-4.Schnitt,8.3,1.25,61.58,33.92,9.49,1.7,51.12,7.81,43.31,,
US1.G.2.44,US1,G,44,2,1/23/2023,"   US1 Klee Kraut, 2022 2.-4. Schnitt",9.5,2.13,48.06,29.79,8.37,1.54,52.74,13.31,45.47,,
US1.G.2.45,US1,G,45,2,1/23/2023,   gras klee kraut US1 2022 2.-4.Schnitt,9.64,2.27,50.83,29.21,8.64,1.98,55.98,14.19,44.93,,
US1.G.2.46,US1,G,46,2,1/23/2023,   gras klee kraut US1 2022 2.-4.Schnitt,8.72,1.63,59.03,34.5,9.32,1.89,52.76,10.19,44.5,,
US1.G.2.47,US1,G,47,2,1/23/2023,   gras klee kraut US1 2022 2.-4.Schnitt,9.66,2.3,53.47,29.66,8.21,2.17,55.5,14.38,45.43,,
US1.G.2.48,US1,G,48,2,1/23/2023,"   Gras, 1mm",7.37,1.27,66.6,37.38,8.77,1.59,45.91,7.94,43.39,,
US1.G.2.49,US1,G,49,2,1/23/2023,"   Gras, 1mm",7.74,1.23,64.61,36.02,8.99,1.53,48.33,7.69,43.66,,
US1.G.2.50,US1,G,50,2,1/23/2023,"   Gras, 1mm",7.61,1.39,64.35,35.54,9.72,1.4,50.13,8.69,42.98,,
US1.G.2.51,US1,G,51,2,1/23/2023,"   Gras, 1mm",7.54,1.39,66.55,37.69,8.33,1.39,46.71,8.69,44.01,,
US1.G.2.52,US1,G,52,2,1/23/2023,"   Gras, 1mm",7.54,1.28,64.03,36.37,8.93,1.37,46.8,8.00,43.5,,
US1.G.4.1,US1,G,1,4,1/23/2023,"   Gras, 1mm",10.42,3.8,57.74,27.85,11.2,2.53,70.26,23.75,42.23,,
US1.G.4.2,US1,G,2,4,1/23/2023,"   Gras, 1mm",10.12,3.77,50.86,27.29,13.56,2.71,68.84,23.56,41.89,,
US1.G.4.3,US1,G,3,4,1/23/2023,"   Gras, 1mm",10.2,3.83,51.18,26.1,12.57,2.73,68.68,23.94,42.33,,
US1.G.4.4,US1,G,4,4,1/23/2023,"   Gras, 1mm",10.7,3.51,54.08,27.55,9.33,2.79,70.88,21.94,44.88,,
US1.G.4.5,US1,G,5,4,1/23/2023,"   Gras, 1mm",11.01,3.28,53.96,26.26,8.02,3.08,73,20.50,45.22,,
US1.G.4.6,US1,G,6,4,1/23/2023,"   Gras, 1mm",10.82,3.66,54.07,27.74,9.07,3.16,71.81,22.88,44.75,,
US1.G.4.7,US1,G,7,4,1/23/2023,   US1 Klee 2022 2.-4.Schnitt,10.41,4.61,39.12,23.29,15.31,3.12,64.69,28.81,43.06,,
US1.G.4.8,US1,G,8,4,1/23/2023,   US1 Klee 2022 2.-4.Schnitt,10.01,3.92,41.03,24.68,15.52,3.31,60.57,24.50,42.36,,
US1.G.4.9,US1,G,9,4,1/23/2023,   US1 Klee 2022 2.-4.Schnitt,9.98,4.18,42.24,25.29,14.37,2.65,61.25,26.13,42.42,,
US1.G.4.10,US1,G,10,4,1/23/2023,   US1 Klee 2022 2.-4.Schnitt,9.71,4.73,42.65,30.06,16.01,2.97,63.33,29.56,42.21,,
US1.G.4.11,US1,G,11,4,1/23/2023,   US1 Klee 2022 2.-4.Schnitt,10.04,5.31,35.29,25.98,16.6,3.34,65.82,33.19,43.53,,
US1.G.4.12,US1,G,12,4,1/23/2023,   US1 Klee 2022 2.-4.Schnitt,10.4,4.87,36.18,26.44,17.75,4.81,64.2,30.44,43.29,,
US1.G.4.14,US1,G,14,4,1/23/2023,"   US1 Kräuter, 1mm 2022 2.-4.Schnitt",6.22,2.38,58.55,39.59,9.85,0.4,36.31,14.88,40.18,,
US1.G.4.15,US1,G,15,4,1/23/2023,"   US1 Kräuter, 1mm 2022 2.-4.Schnitt",6.14,3,58.44,35.91,11.12,0.6,38.66,18.75,35.29,,
US1.G.4.16,US1,G,16,4,1/23/2023,"   US1 Kräuter, 1mm 2022 2.-4.Schnitt",9.52,3.63,55.03,29.8,11.47,2.1,63.63,22.69,42.51,,
US1.G.4.17,US1,G,17,4,1/23/2023,"   US1 Kräuter, 1mm 2022 2.-4.Schnitt",9.87,3.6,54.11,29.51,10.51,2.21,65.22,22.50,42.84,,
US1.G.4.18,US1,G,18,4,1/23/2023,"   US1 Kräuter, 1mm 2022 2.-4.Schnitt",10.04,3.62,55.62,29.3,10.14,2.74,64.69,22.63,43.6,,
US1.G.4.19,US1,G,19,4,1/23/2023,"   Gras, 1mm",10.74,3.36,54.37,25.94,9.61,2.93,71.65,21.00,43.58,,
US1.G.4.20,US1,G,20,4,1/23/2023,   US1 Klee 2022 2.-4.Schnitt,10.14,4.35,38.56,24.99,15.77,3.44,62.59,27.19,42.59,,
US1.G.4.21,US1,G,21,4,1/23/2023,"   US1 Kräuter, 1mm 2022 2.-4.Schnitt",4.51,3.62,59.21,38.76,13.4,0.4,31.94,22.63,32.01,,
US1.G.4.22,US1,G,22,4,1/23/2023,   US1 gras klee 2022 2.-4.Schnitt,10.46,4.35,41.43,23.49,13.77,3.05,67.8,27.19,43.11,,
US1.G.4.23,US1,G,23,4,1/23/2023,   US1 gras klee 2022 2.-4.Schnitt,10.42,4.5,41.63,28.62,13.45,3.22,67.88,28.13,43.23,,
US1.G.4.24,US1,G,24,4,1/23/2023,   US1 gras kraut 2022 2.-4.Schnitt,9.75,3.97,47.07,27.26,13.94,2.6,66.98,24.81,41.36,,
US1.G.4.25,US1,G,25,4,1/23/2023,   US1 gras kraut 2022 2.-4.Schnitt,9.9,3.54,54.82,28.21,11.83,2.63,65.94,22.13,41.79,,
US1.G.4.26,US1,G,26,4,1/23/2023,   US1 gras klee 2022 2.-4.Schnitt,10.24,4.06,43.5,27.39,12.62,2.91,66.93,25.38,44.13,,
US1.G.4.27,US1,G,27,4,1/23/2023,   US1 gras klee 2022 2.-4.Schnitt,10.18,5.11,36.22,26.88,15.87,3.42,66,31.94,43.55,,
US1.G.4.28,US1,G,28,4,1/23/2023,   US1 gras kraut 2022 2.-4.Schnitt,9.44,2.81,53.53,29.82,9.84,1.98,59.99,17.56,42.32,,
US1.G.4.29,US1,G,29,4,1/23/2023,   US1 gras kraut 2022 2.-4.Schnitt,10.84,3.27,54.15,27.36,8.58,2.92,71.2,20.44,45.03,,
US1.G.4.30,US1,G,30,4,1/23/2023,"   US1 Klee Kraut, 2022 2.-4. Schnitt",10.08,4.43,44.1,25.78,15.54,2.91,63.02,27.69,41.29,,
US1.G.4.31,US1,G,31,4,1/23/2023,"   US1 Klee Kraut, 2022 2.-4. Schnitt",9.78,3.69,43.02,25.95,15.22,3.29,58.19,23.06,41.65,,
US1.G.4.32,US1,G,32,4,1/23/2023,"   US1 Klee Kraut, 2022 2.-4. Schnitt",9.69,5.06,40.1,28.59,17.49,3.54,63.58,31.63,42.15,,
US1.G.4.33,US1,G,33,4,1/23/2023,"   US1 Klee Kraut, 2022 2.-4. Schnitt",10.25,5.05,37.66,26.23,15.82,3.72,64.87,31.56,43.37,,
US1.G.4.34,US1,G,34,4,1/20/2023,   graskleekraut US1 2022 2.-4.Schnitt,9.67,3.94,47.38,29.08,14.96,2.4,61.3,24.63,41.08,,
US1.G.4.35,US1,G,35,4,1/20/2023,   graskleekraut US1 2022 2.-4.Schnitt,10.11,4.21,50.68,29.69,14.05,2.63,65.8,26.31,41.49,,
US1.G.4.36,US1,G,36,4,1/20/2023,   graskleekraut US1 2022 2.-4.Schnitt,10.18,4.36,43.87,29.84,13.34,2.84,66.68,27.25,42.57,,
US1.G.4.37,US1,G,37,4,1/20/2023,   graskleekraut US1 2022 2.-4.Schnitt,10.02,4.45,43.23,28.35,15.9,3.32,64.82,27.81,42.36,,
US1.G.4.38,US1,G,38,4,1/20/2023,   graskleekraut US1 2022 2.-4.Schnitt,10.03,4.06,44.05,27.55,14.64,2.89,64.78,25.38,42.24,,
US1.G.4.39,US1,G,39,4,1/20/2023,   graskleekraut US1 2022 2.-4.Schnitt,10.38,4.21,42.17,25.84,13.58,2.83,66.62,26.31,43.48,,
US1.G.4.40,US1,G,40,4,1/20/2023,   graskleekraut US1 2022 2.-4.Schnitt,10.09,4.59,41.77,29.11,14.35,3.04,65.53,28.69,43.13,,
US1.G.4.41,US1,G,41,4,1/23/2023,   gras klee kraut US1 2022 2.-4.Schnitt,10.2,4.38,40.41,29.54,12.8,3.38,67.55,27.38,44.4,,
US1.G.4.42,US1,G,42,4,1/23/2023,"   US1 Klee Kraut, 2022 2.-4. Schnitt",10.22,4.26,42.17,28.18,14.87,3.18,66.12,26.63,43.14,,
US1.G.4.43,US1,G,43,4,1/23/2023,   US1 gras kraut 2022 2.-4.Schnitt,9.53,3.66,53.67,31.45,11.97,2.15,65.02,22.88,41.8,,
US1.G.4.44,US1,G,44,4,1/23/2023,"   US1 Klee Kraut, 2022 2.-4. Schnitt",10.28,4.42,40.65,25.93,16.27,3.45,63.47,27.63,42.16,,
US1.G.4.45,US1,G,45,4,1/23/2023,   gras klee kraut US1 2022 2.-4.Schnitt,10.18,4.44,40.9,26.92,15.39,3.53,63.59,27.75,42.54,,
US1.G.4.46,US1,G,46,4,1/23/2023,   gras klee kraut US1 2022 2.-4.Schnitt,10.46,4.3,43.28,25.27,12.19,2.83,68.23,26.88,43.49,,
US1.G.4.47,US1,G,47,4,1/23/2023,   gras klee kraut US1 2022 2.-4.Schnitt,10.55,4.29,43.15,24.83,11.97,3.12,67.94,26.81,43.55,,
US1.G.4.48,US1,G,48,4,1/23/2023,"   Gras, 1mm",10.29,4.2,40.65,23.98,15.49,3.48,62.36,26.25,42.41,,
US1.G.4.49,US1,G,49,4,1/23/2023,"   Gras, 1mm",10.31,3.41,54.08,25.23,11.58,2.77,70.67,21.31,40.97,,
US1.G.4.50,US1,G,50,4,1/23/2023,"   Gras, 1mm",7.35,2.97,55.79,32.61,10.79,0.93,45.99,18.56,38.03,,
US1.G.4.51,US1,G,51,4,1/23/2023,"   Gras, 1mm",9.89,3.13,61.51,31.25,10.13,2.12,64.57,19.56,42.72,,
US1.G.4.52,US1,G,52,4,1/23/2023,"   Gras, 1mm",9.99,3.77,49.31,26.49,13.77,2.9,69.47,23.56,41.8,,
US1.F.1.2,US1,F,2,1,1/25/2023,   US1 wie Gräser F 2022 ,8.74,1.91,65.17,33.59,10.62,2.45,49.69,11.94,43.77,,
US1.F.1.3,US1,F,3,1,1/25/2023,   US1 wie Gräser F 2022 ,8.91,2.07,64.54,34.17,10.44,2.44,50.96,12.94,44.22,,
US1.F.1.4,US1,F,4,1,1/25/2023,   US1 wie Gräser F 2022 ,8.34,1.88,63.34,35.2,10.73,1.85,45.88,11.75,43.86,,
US1.F.1.5,US1,F,5,1,1/25/2023,   US1 wie Gräser F 2022 ,8.8,1.73,64.46,32.95,10.84,2.24,50.91,10.81,43.4,,
US1.F.1.7,US1,F,7,1,1/25/2023,   US1 wie Gräser F 2022 ,9.47,2.7,57.28,31.19,9.46,2.34,54.49,16.88,45.24,,
US1.F.1.10,US1,F,10,1,1/25/2023,   US1 wie Gräser F 2022 ,10,2.89,59.57,30.07,9.51,2.38,57.82,18.06,45.21,,
US1.F.1.11,US1,F,11,1,1/25/2023,   US1 wie Gräser F 2022 ,7.74,2.81,53.8,32.15,13.09,1.17,48.96,17.56,41.86,,
US1.F.1.15,US1,F,15,1,1/25/2023,   US1 wie Gräser F 2022 ,9.03,2.14,64.55,31.53,10.13,2.23,53.29,13.38,43.71,,
US1.F.1.16,US1,F,16,1,1/25/2023,   US1 wie Gräser F 2022 ,9.54,2.38,62.76,31.33,10.39,2.82,55.4,14.88,44.15,,
US1.F.1.19,US1,F,19,1,1/25/2023,   US1 wie Gräser F 2022 ,7.14,1.51,61.82,34.27,10.97,0.36,44.42,9.44,41.04,,
US1.F.1.20,US1,F,20,1,1/25/2023,   US1 wie Gräser F 2022 ,9.44,2.44,64.43,30.94,9.66,2.49,56.92,15.25,44.26,,
US1.F.1.22,US1,F,22,1,1/25/2023,   US1 wie Gräser F 2022 ,8.67,1.93,60.79,33.2,9.88,1.71,45.95,12.06,43.7,,
US1.F.1.23,US1,F,23,1,1/25/2023,   US1 wie Gräser F 2022 ,8.08,2.42,61.21,32.05,11.35,0.75,53.03,15.13,41.91,,
US1.F.1.25,US1,F,25,1,1/25/2023,   Gräser F,8.86,1.85,65.79,33.83,10.21,2.14,51.55,11.56,44.17,,
US1.F.1.26,US1,F,26,1,1/25/2023,   Gräser F,9.07,2.22,64.88,32.69,10.7,2.58,53.05,13.88,43.97,,
US1.F.1.27,US1,F,27,1,1/25/2023,   Gräser F,9.57,2.94,64.16,29.71,9.75,2.79,57.57,18.38,44.44,,
US1.F.1.28,US1,F,28,1,1/25/2023,   Gräser F,8.15,1.54,63.21,33.57,11.59,1.6,49.42,9.63,42.81,,
US1.F.1.29,US1,F,29,1,1/25/2023,   Gräser F,8.45,1.46,66.7,35.39,10.52,1.91,48.48,9.13,43.34,,
US1.F.1.30,US1,F,30,1,1/25/2023,   Gräser F,10.04,3.07,55.16,27.94,10.33,2.45,59.29,19.19,45.02,,
US1.F.1.31,US1,F,31,1,7/2/2023,   US1 wie Gräser F 2022 ,8.85,2.48,58.39,31.8,10.84,1.69,55.47,15.50,43.07,,
US1.F.1.33,US1,F,33,1,7/2/2023,   US1 wie Gräser F 2022 ,10.49,3.37,54.32,27.44,8.49,2.93,59.73,21.06,45.6,,
US1.F.1.34,US1,F,34,1,7/2/2023,   US1 wie Gräser F 2022 ,9.08,2.19,64.34,32.46,10.32,2.44,52.79,13.69,44.15,,
US1.F.1.36,US1,F,36,1,7/2/2023,   US1 wie Gräser F 2022 ,9.38,2.17,60.08,30.89,9.76,2.56,52.43,13.56,44.51,,
US1.F.1.37,US1,F,37,1,7/2/2023,   US1 wie Gräser F 2022 ,9.04,2.11,65.05,32.79,10.46,2.56,53.28,13.19,44.06,,
US1.F.1.42,US1,F,42,1,7/2/2023,   US1 wie Gräser F 2022 ,8.79,2.26,64.98,33.24,10.91,2.42,49.58,14.13,43.79,,
US1.F.1.44,US1,F,44,1,7/2/2023,   US1 wie Gräser F 2022 ,9.76,2.76,54.28,29.68,10.26,2.8,57.94,17.25,44.46,,
US1.F.1.49,US1,F,49,1,7/2/2023,   US1 wie Gräser F 2022 ,8.43,1.62,67.21,35.25,9.93,2.02,48.53,10.13,43.92,,
US1.F.1.50,US1,F,50,1,7/2/2023,   US1 wie Gräser F 2022 ,6.69,2.17,55.59,34.29,14.24,0.49,42.11,13.56,40.41,,
US1.F.1.51,US1,F,51,1,7/2/2023,   US1 wie Gräser F 2022 ,8,1.49,63.52,34.76,10.38,1.36,47.99,9.31,43.08,,
US1.F.1.52,US1,F,52,1,7/2/2023,   US1 wie Gräser F 2022 ,8.42,1.85,64.5,35.91,10.31,1.81,49.24,11.56,44.18,,
US1.F.2.1,US1,F,1,2,1/25/2023,   US1 wie Gräser F 2022 ,9.33,1.61,64.71,33.9,8.68,2.21,57.75,10.06,43.78,,
US1.F.2.2,US1,F,2,2,1/25/2023,   US1 wie Gräser F 2022 ,9.09,1.55,65.45,33.99,9.73,1.89,55.84,9.69,43.34,,
US1.F.2.3,US1,F,3,2,1/25/2023,   US1 wie Gräser F 2022 ,9.01,1.48,64.15,33.79,10.06,1.89,56.46,9.25,43.1,,
US1.F.2.4,US1,F,4,2,1/25/2023,   US1 wie Gräser F 2022 ,9.19,1.57,65.2,33.52,10.16,2.17,56.62,9.81,42.94,,
US1.F.2.5,US1,F,5,2,1/25/2023,   US1 wie Gräser F 2022 ,8.95,1.51,64.5,34.79,10.11,1.89,55.43,9.44,43.19,,
US1.F.2.6,US1,F,6,2,1/25/2023,   US1 wie Gräser F 2022 ,9.16,1.65,65.22,34.92,9.34,2,56.98,10.31,43.5,,
US1.F.2.7,US1,F,7,2,1/25/2023,   US1 wie Gräser F 2022 ,9.67,1.92,61.79,31.84,8.46,1.96,58.68,12.00,44.13,,
US1.F.2.8,US1,F,8,2,1/25/2023,   US1 wie Gräser F 2022 ,9.35,1.78,62.26,34.26,7.57,2.06,55.6,11.13,44.81,,
US1.F.2.9,US1,F,9,2,1/25/2023,   US1 wie Gräser F 2022 ,9.36,1.66,64.64,34.77,8.48,1.91,56.26,10.38,44,,
US1.F.2.10,US1,F,10,2,1/25/2023,   US1 wie Gräser F 2022 ,9.32,1.9,63.97,33.96,6.93,2.18,55.45,11.88,44.96,,
US1.F.2.11,US1,F,11,2,1/25/2023,   US1 wie Gräser F 2022 ,9.43,2.03,65.23,32.28,9.62,2.92,55.58,12.69,43.87,,
US1.F.2.12,US1,F,12,2,1/25/2023,   US1 wie Gräser F 2022 ,9.46,1.78,64.23,33.08,8.65,2.39,55.84,11.13,43.86,,
US1.F.2.13,US1,F,13,2,1/25/2023,   US1 wie Gräser F 2022 ,9.11,1.47,64.95,34.34,8.1,1.76,55.71,9.19,44.18,,
US1.F.2.14,US1,F,14,2,1/25/2023,   US1 wie Gräser F 2022 ,9.05,1.53,65.25,34.78,9.29,2.01,54.91,9.56,43.51,,
US1.F.2.15,US1,F,15,2,1/25/2023,   US1 wie Gräser F 2022 ,9.1,1.46,64.94,35.27,8.72,1.84,55.25,9.13,43.85,,
US1.F.2.16,US1,F,16,2,1/25/2023,   US1 wie Gräser F 2022 ,9.01,1.49,66.42,34.59,9.03,1.58,55.8,9.31,43.48,,
US1.F.2.17,US1,F,17,2,1/25/2023,   US1 wie Gräser F 2022 ,9.08,1.33,64.4,34.86,8.15,1.98,54.95,8.31,44.13,,
US1.F.2.18,US1,F,18,2,1/25/2023,   US1 wie Gräser F 2022 ,9.37,1.39,64.63,33.4,7.93,1.54,58.72,8.69,43.67,,
US1.F.2.19,US1,F,19,2,1/25/2023,   US1 wie Gräser F 2022 ,9.11,1.44,64.76,34.2,8.89,1.78,56.79,9.00,43.8,,
US1.F.2.20,US1,F,20,2,1/25/2023,   US1 wie Gräser F 2022 ,9.43,1.83,65.04,33.19,7.85,1.95,56.48,11.44,44.03,,
US1.F.2.21,US1,F,21,2,1/25/2023,   US1 wie Gräser F 2022 ,9.44,1.63,64.99,32.54,8.57,2.45,57.63,10.19,43.78,,
US1.F.2.22,US1,F,22,2,1/25/2023,   US1 wie Gräser F 2022 ,9.59,1.76,64.79,32.62,8.12,1.98,59.81,11.00,44.06,,
US1.F.2.23,US1,F,23,2,1/25/2023,   US1 wie Gräser F 2022 ,9.49,1.63,63.63,33.23,7.99,1.74,57.4,10.19,43.98,,
US1.F.2.24,US1,F,24,2,1/25/2023,   Gräser F,9.23,1.59,65.23,33.87,9.33,2,56.91,9.94,43.34,,
US1.F.2.25,US1,F,25,2,1/25/2023,   Gräser F,9.16,1.61,65.59,34.33,9.26,1.91,57.38,10.06,43.68,,
US1.F.2.26,US1,F,26,2,1/25/2023,   Gräser F,9.15,1.7,65.26,34.49,9.32,1.69,56.64,10.63,43.45,,
US1.F.2.27,US1,F,27,2,1/25/2023,   Gräser F,9.63,2.08,61.6,31.46,8.9,2.16,59.29,13.00,43.84,,
US1.F.2.28,US1,F,28,2,1/25/2023,   Gräser F,8.87,1.67,64.96,34.24,10.42,1.95,56.43,10.44,43.6,,
US1.F.2.29,US1,F,29,2,1/25/2023,   Gräser F,9.07,1.54,64.88,34.03,10.11,2.21,56.06,9.63,43.31,,
US1.F.2.30,US1,F,30,2,1/25/2023,   Gräser F,9.47,1.53,62.41,34.24,7.05,1.8,55.6,9.56,44.58,,
US1.F.2.31,US1,F,31,2,7/2/2023,   US1 wie Gräser F 2022 ,9.32,1.66,63.66,33.22,8.14,1.95,55.86,10.38,44.2,,
US1.F.2.32,US1,F,32,2,7/2/2023,   US1 wie Gräser F 2022 ,9.54,2.04,63.71,31.92,9.3,2.65,57.28,12.75,44.09,,
US1.F.2.33,US1,F,33,2,7/2/2023,   US1 wie Gräser F 2022 ,9.66,1.66,60.51,32.37,8.14,2,56.7,10.38,44.39,,
US1.F.2.34,US1,F,34,2,7/2/2023,   US1 wie Gräser F 2022 ,9.27,1.67,65.21,33.77,8.72,2.06,56.33,10.44,43.79,,
US1.F.2.35,US1,F,35,2,7/2/2023,   US1 wie Gräser F 2022 ,9.58,1.54,62.49,32.42,8.91,2.1,58.4,9.63,43.61,,
US1.F.2.36,US1,F,36,2,7/2/2023,   US1 wie Gräser F 2022 ,9.37,1.77,65.45,32.94,8.88,2.35,56.73,11.06,44.1,,
US1.F.2.37,US1,F,37,2,7/2/2023,   US1 wie Gräser F 2022 ,9.25,1.46,62.92,33.59,9.13,1.59,57.09,9.13,43.7,,
US1.F.2.38,US1,F,38,2,7/2/2023,   US1 wie Gräser F 2022 ,9.25,1.63,65.01,33.47,8.81,2.08,56.84,10.19,43.88,,
US1.F.2.39,US1,F,39,2,7/2/2023,   US1 wie Gräser F 2022 ,9.02,1.55,63.6,34.25,9.43,1.73,55.97,9.69,43.64,,
US1.F.2.40,US1,F,40,2,7/2/2023,   US1 wie Gräser F 2022 ,9.39,1.62,63.24,32.92,9.13,2.14,57.87,10.13,43.7,,
US1.F.2.41,US1,F,41,2,7/2/2023,   US1 wie Gräser F 2022 ,9.42,1.93,63.88,32.62,9.52,2.46,57.31,12.06,43.67,,
US1.F.2.42,US1,F,42,2,7/2/2023,   US1 wie Gräser F 2022 ,9.32,1.84,64.09,32.82,9.76,2.44,56.32,11.50,43.54,,
US1.F.2.43,US1,F,43,2,7/2/2023,   US1 wie Gräser F 2022 ,9.22,1.67,65.35,33.94,9.77,2.07,57.71,10.44,43.58,,
US1.F.2.44,US1,F,44,2,7/2/2023,   US1 wie Gräser F 2022 ,9.15,1.73,64.6,34.15,7.15,1.7,53.4,10.81,45.06,,
US1.F.2.45,US1,F,45,2,7/2/2023,   US1 wie Gräser F 2022 ,9.08,1.55,65.15,34.47,8.81,1.8,55.51,9.69,43.63,,
US1.F.2.46,US1,F,46,2,7/2/2023,   US1 wie Gräser F 2022 ,9.44,1.65,64.22,32.79,8.81,2.11,57.57,10.31,43.48,,
US1.F.2.47,US1,F,47,2,7/2/2023,   US1 wie Gräser F 2022 ,9.44,1.74,64.86,33,8.63,1.9,58.19,10.88,43.97,,
US1.F.2.48,US1,F,48,2,7/2/2023,   US1 wie Gräser F 2022 ,9.1,1.64,65.71,34.42,9.32,1.52,56.63,10.25,43.58,,
US1.F.2.49,US1,F,49,2,7/2/2023,   US1 wie Gräser F 2022 ,9.1,1.69,64.51,34.11,9.81,1.88,57.13,10.56,43.37,,
US1.F.2.50,US1,F,50,2,7/2/2023,   US1 wie Gräser F 2022 ,9.28,1.64,65.37,34.38,8.93,2.18,56.78,10.25,43.99,,
US1.F.2.51,US1,F,51,2,7/2/2023,   US1 wie Gräser F 2022 ,9.38,1.58,64.04,33.28,9.06,1.96,58.44,9.88,43.5,,
US1.F.2.52,US1,F,52,2,7/2/2023,   US1 wie Gräser F 2022 ,9.1,1.96,64.06,34.34,10.27,2.18,56.47,12.25,43.47,,